{"Datasize": 132, "Test_Loss": 0.6945573925971985, "AUROC_filtered": 0.5066040221583785, "Accuracy_filtered": 0.0, "Accuracy_all": 0.498, "Epoch": 7, "_runtime": 211, "_timestamp": 1621961959, "_step": 1}