{"Datasize": 30000, "Test_Loss": 0.6820746898651123, "AUROC_filtered": 0.6523505976095618, "Accuracy_filtered": 0.6023762376237624, "Accuracy_all": 0.505, "Epoch": 9, "_runtime": 632, "_timestamp": 1622063195, "_step": 0}