{"Learning Rate": 1, "Test_Loss": 0.6747244119644165, "AUROC_filtered": 0.6126493454194752, "Accuracy_filtered": 0.49039231385108084, "Accuracy_all": 0.5258, "Epoch": 8, "_runtime": 3780, "_timestamp": 1622086379, "_step": 7}