{"Datasize": 5000, "Test_Loss": 0.6900328993797302, "AUROC_filtered": 0.5865838349591763, "Accuracy_filtered": 0.0, "Accuracy_all": 0.5152, "Epoch": 17, "_runtime": 1649, "_timestamp": 1621961031, "_step": 14}