{"Datasize": 30000, "Test_Loss": 0.682775616645813, "AUROC_filtered": 0.6476215967394902, "Accuracy_filtered": 0.60008038585209, "Accuracy_all": 0.5154, "Epoch": 14, "_runtime": 743, "_timestamp": 1622046721, "_step": 0}