{"Datasize": 49999, "Test_Loss": 0.6493932962417602, "AUROC_filtered": 0.7840700840033473, "Accuracy_filtered": 0.6981285598047193, "Accuracy_all": 0.581, "Epoch": 4, "_runtime": 3732, "_timestamp": 1622045498, "_step": 14}