{"Datasize": 5000, "Test_Loss": 0.6899166107177734, "AUROC_filtered": 0.5915181978555432, "Accuracy_filtered": 0.0, "Accuracy_all": 0.4968, "Epoch": 15, "_runtime": 1606, "_timestamp": 1621873601, "_step": 14}