{"Datasize": 9350, "Test_Loss": 0.6931520938873291, "AUROC_filtered": 0.4806167677887626, "Accuracy_filtered": 0.4773728474169003, "Accuracy_all": 0.5006, "Epoch": 1, "_runtime": 1327, "_timestamp": 1622043080, "_step": 8}