{"Datasize": 5000, "Test_Loss": 0.6929945349693298, "AUROC_filtered": 0.5163892044315994, "Accuracy_filtered": 0.0, "Accuracy_all": 0.5052, "Epoch": 7, "_runtime": 1735, "_timestamp": 1621997487, "_step": 14}