{"Learning Rate": 8, "Test_Loss": 0.6737341046333313, "AUROC_filtered": 0.6966023135739559, "Accuracy_filtered": 0.6442270058708415, "Accuracy_all": 0.5158, "Epoch": 10, "_runtime": 5093, "_timestamp": 1622092268, "_step": 10}