{"Datasize": 10000, "Test_Loss": 0.6931453347206116, "AUROC_filtered": 0.5149962632135849, "Accuracy_filtered": 0.5112179487179487, "Accuracy_all": 0.5008, "Epoch": 1, "_runtime": 151, "_timestamp": 1622043632, "_step": 0}