{"Datasize": 5000, "Test_Loss": 0.6931375503540039, "AUROC_filtered": 0.5099259114959719, "Accuracy_filtered": 0.0, "Accuracy_all": 0.4954, "Epoch": 1, "_runtime": 2117, "_timestamp": 1621964594, "_step": 14}