{"Learning Rate": 0.03, "Test_Loss": 0.693079698085785, "AUROC_filtered": 0.5160246981675554, "Accuracy_filtered": 0.5174168297455969, "Accuracy_all": 0.489, "Epoch": 19, "_runtime": 3568, "_timestamp": 1622086109, "_step": 4}