{"Datasize": 5000, "Test_Loss": 0.6920469284057618, "AUROC_filtered": 0.5562816795063286, "Accuracy_filtered": 0.0, "Accuracy_all": 0.4966, "Epoch": 17, "_runtime": 1573, "_timestamp": 1622004357, "_step": 14}