{"Datasize": 5000, "Test_Loss": 0.6931274175643921, "AUROC_filtered": 0.504863521697887, "Accuracy_filtered": 0.0, "Accuracy_all": 0.5044, "Epoch": 6, "_runtime": 1512, "_timestamp": 1621961095, "_step": 14}