{"Datasize": 5000, "Test_Loss": 0.6931522727012634, "AUROC_filtered": 0.5040612958798543, "Accuracy_filtered": 0.0, "Accuracy_all": 0.5066, "Epoch": 2, "_runtime": 1301, "_timestamp": 1621873307, "_step": 14}