{"Datasize": 10000, "Test_Loss": 0.6716214656829834, "AUROC_filtered": 0.7161400188142488, "Accuracy_filtered": 0.0, "Accuracy_all": 0.5382, "Epoch": 7, "_runtime": 231, "_timestamp": 1622039804, "_step": 0}