{"Datasize": 5000, "Test_Loss": 0.6936099410057068, "AUROC_filtered": 0.5009329908589559, "Accuracy_filtered": 0.0, "Accuracy_all": 0.4956, "Epoch": 4, "_runtime": 1493, "_timestamp": 1621963973, "_step": 14}