{"Learning Rate": 15, "Test_Loss": 0.6929978966712952, "AUROC_filtered": 0.5274611621373453, "Accuracy_filtered": 0.5045329128892393, "Accuracy_all": 0.4926, "Epoch": 2, "_runtime": 1524, "_timestamp": 1622094595, "_step": 2}