{"Datasize": 30000, "Test_Loss": 0.6700298905372619, "AUROC_filtered": 0.7141490021405763, "Accuracy_filtered": 0.6592592592592592, "Accuracy_all": 0.5278, "Epoch": 15, "_runtime": 875, "_timestamp": 1622064871, "_step": 0}