{"Datasize": 132, "Test_Loss": 0.6931517362594605, "AUROC_filtered": 0.4958052081202635, "Accuracy_filtered": 0.0, "Accuracy_all": 0.4962, "Epoch": 1, "_runtime": 145, "_timestamp": 1621961810, "_step": 1}