{"Datasize": 10000, "Test_Loss": 0.693367862701416, "AUROC_filtered": 0.48222313499783287, "Accuracy_filtered": 0.0, "Accuracy_all": 0.496, "Epoch": 1, "_runtime": 130, "_timestamp": 1622039155, "_step": 0}