{"Datasize": 231, "Test_Loss": 0.6931476950645447, "AUROC_filtered": 0.5006566112785322, "Accuracy_filtered": 0.0, "Accuracy_all": 0.497, "Epoch": 12, "_runtime": 652, "_timestamp": 1621965407, "_step": 3}