{"Datasize": 5000, "Test_Loss": 0.6931045651435852, "AUROC_filtered": 0.5108938798283812, "Accuracy_filtered": 0.0, "Accuracy_all": 0.5002, "Epoch": 2, "_runtime": 1373, "_timestamp": 1622006802, "_step": 14}