{"Datasize": 5000, "Test_Loss": 0.693053925037384, "AUROC_filtered": 0.5166222813203746, "Accuracy_filtered": 0.0, "Accuracy_all": 0.4908, "Epoch": 5, "_runtime": 2626, "_timestamp": 1621968279, "_step": 14}