{"Datasize": 5000, "Test_Loss": 0.6931614756584168, "AUROC_filtered": 0.4855324908050802, "Accuracy_filtered": 0.0, "Accuracy_all": 0.4942, "Epoch": 1, "_runtime": 1364, "_timestamp": 1621871096, "_step": 159}