{"Datasize": 12365, "Test_Loss": 0.6869164824485778, "AUROC_filtered": 0.615740254416418, "Accuracy_filtered": 0.5786314525810324, "Accuracy_all": 0.5028, "Epoch": 8, "_runtime": 1172, "_timestamp": 1622159952, "_step": 9}