{"Datasize": 5000, "Test_Loss": 0.6849770545959473, "AUROC_filtered": 0.6383805008110776, "Accuracy_filtered": 0.0, "Accuracy_all": 0.5164, "Epoch": 26, "_runtime": 1519, "_timestamp": 1621871468, "_step": 168}