{"Datasize": 10000, "Test_Loss": 0.6932307004928588, "AUROC_filtered": 0.5008328876709207, "Accuracy_filtered": 0.5015910898965792, "Accuracy_all": 0.4972, "Epoch": 2, "_runtime": 147, "_timestamp": 1622041045, "_step": 0}