{"Datasize": 10000, "Test_Loss": 0.6932746529579162, "AUROC_filtered": 0.49797635005247465, "Accuracy_filtered": 0.49717969379532634, "Accuracy_all": 0.5036, "Epoch": 1, "_runtime": 137, "_timestamp": 1622041237, "_step": 0}