{"Datasize": 30000, "Test_Loss": 0.6932916283607483, "AUROC_filtered": 0.5213733057049978, "Accuracy_filtered": 0.514524472741743, "Accuracy_all": 0.4974, "Epoch": 3, "_runtime": 378, "_timestamp": 1622065906, "_step": 0}