{"Datasize": 5000, "Test_Loss": 0.6908376574516296, "AUROC_filtered": 0.5742429967426711, "Accuracy_filtered": 0.0, "Accuracy_all": 0.5046, "Epoch": 27, "_runtime": 2431, "_timestamp": 1622004633, "_step": 14}