{"Datasize": 30000, "Test_Loss": 0.6779523015022277, "AUROC_filtered": 0.6768243330743331, "Accuracy_filtered": 0.6268244575936883, "Accuracy_all": 0.509, "Epoch": 20, "_runtime": 1054, "_timestamp": 1622065057, "_step": 0}