{"Datasize": 10000, "Test_Loss": 0.6932846069335937, "AUROC_filtered": 0.5000083492826038, "Accuracy_filtered": 0.4951923076923077, "Accuracy_all": 0.5008, "Epoch": 1, "_runtime": 127, "_timestamp": 1622040866, "_step": 0}