{"Datasize": 10000, "Test_Loss": 0.6930217146873474, "AUROC_filtered": 0.5196776047339179, "Accuracy_filtered": 0.5134600158353128, "Accuracy_all": 0.4948, "Epoch": 2, "_runtime": 143, "_timestamp": 1622041403, "_step": 0}